{"cameraMode":{"drawMode":0,"name":"Shaded","section":"Shading Mode"},"sceneLighting":false,"audioPlay":false,"sceneViewState":{"showFog":true,"showMaterialUpdate":false,"showSkybox":true,"showFlares":true,"showImageEffects":true,"showParticleSystems":true},"in2DMode":false,"pivot":{"x":-52.920989990234378,"y":-8.790257453918457,"z":-121.55110168457031},"rotation":{"x":0.008111835457384587,"y":-0.9783220887184143,"z":0.03905658423900604,"w":0.2033088058233261},"size":154.8125,"orthographic":false}