{"cameraMode":{"drawMode":0,"name":"Shaded","section":"Shading Mode"},"sceneLighting":false,"audioPlay":false,"sceneViewState":{"showFog":true,"showMaterialUpdate":false,"showSkybox":true,"showFlares":true,"showImageEffects":true,"showParticleSystems":true},"in2DMode":false,"pivot":{"x":6.011515140533447,"y":-5.7891011238098148,"z":2.66737699508667},"rotation":{"x":0.1820024996995926,"y":0.8003228902816773,"z":-0.2993193566799164,"w":0.4866083562374115},"size":14.698616027832032,"orthographic":true}