{"cameraMode":{"drawMode":0,"name":"Shaded","section":"Shading Mode"},"sceneLighting":true,"audioPlay":false,"sceneViewState":{"showFog":true,"showMaterialUpdate":false,"showSkybox":false,"showFlares":true,"showImageEffects":true,"showParticleSystems":true},"in2DMode":false,"pivot":{"x":-2.309999942779541,"y":0.690000057220459,"z":-10.779999732971192},"rotation":{"x":-0.0009262854582630098,"y":0.9921352863311768,"z":0.008049694821238518,"w":0.12630073726177216},"size":20.005186080932618,"orthographic":true}