{"cameraMode":{"drawMode":0,"name":"Shaded","section":"Shading Mode"},"sceneLighting":false,"audioPlay":false,"sceneViewState":{"showFog":true,"showMaterialUpdate":false,"showSkybox":true,"showFlares":true,"showImageEffects":true,"showParticleSystems":true},"in2DMode":false,"pivot":{"x":11.445540428161621,"y":-4.71068000793457,"z":4.482335567474365},"rotation":{"x":0.5238312482833862,"y":-0.01200875360518694,"z":0.0073879919946193699,"w":0.8517142534255981},"size":16.225528717041017,"orthographic":true}