{"cameraMode":{"drawMode":0,"name":"Shaded","section":"Shading Mode"},"sceneLighting":true,"audioPlay":false,"sceneViewState":{"showFog":true,"showMaterialUpdate":false,"showSkybox":true,"showFlares":true,"showImageEffects":true,"showParticleSystems":true},"in2DMode":false,"pivot":{"x":31.070484161376954,"y":11.871062278747559,"z":4.756338596343994},"rotation":{"x":0.775562047958374,"y":0.01920897141098976,"z":-0.023432657122612,"w":0.6307594776153565},"size":80.23023986816406,"orthographic":true}