{"cameraMode":{"drawMode":0,"name":"Shaded","section":"Shading Mode"},"sceneLighting":true,"audioPlay":false,"sceneViewState":{"showFog":true,"showMaterialUpdate":false,"showSkybox":true,"showFlares":true,"showImageEffects":true,"showParticleSystems":true},"in2DMode":false,"pivot":{"x":6.795924186706543,"y":-4.241576194763184,"z":5.965337753295898},"rotation":{"x":0.5572380423545837,"y":-0.4399280548095703,"z":0.5353354811668396,"w":0.45795738697052},"size":9.916610717773438,"orthographic":true}