{"cameraMode":{"drawMode":0,"name":"Shaded","section":"Shading Mode"},"sceneLighting":false,"audioPlay":false,"sceneViewState":{"showFog":true,"showMaterialUpdate":false,"showSkybox":false,"showFlares":true,"showImageEffects":true,"showParticleSystems":true},"in2DMode":false,"pivot":{"x":23.826261520385743,"y":0.05000000819563866,"z":9.713687896728516},"rotation":{"x":0.03506900742650032,"y":-0.13450703024864198,"z":0.004763603676110506,"w":0.9902887344360352},"size":1.22780442237854,"orthographic":true}