{"cameraMode":{"drawMode":0,"name":"Shaded","section":"Shading Mode"},"sceneLighting":false,"audioPlay":false,"sceneViewState":{"showFog":true,"showMaterialUpdate":false,"showSkybox":true,"showFlares":true,"showImageEffects":true,"showParticleSystems":true},"in2DMode":false,"pivot":{"x":10.697507858276368,"y":-16.358339309692384,"z":2.308405876159668},"rotation":{"x":0.5919023156166077,"y":-0.05910288542509079,"z":0.04358368739485741,"w":0.8026708364486694},"size":22.883739471435548,"orthographic":true}