{"cameraMode":{"drawMode":0,"name":"Shaded","section":"Shading Mode"},"sceneLighting":false,"audioPlay":false,"sceneViewState":{"showFog":true,"showMaterialUpdate":false,"showSkybox":true,"showFlares":true,"showImageEffects":true,"showParticleSystems":true},"in2DMode":false,"pivot":{"x":15.946842193603516,"y":-8.10360050201416,"z":1.6703550815582276},"rotation":{"x":-0.5683034062385559,"y":0.39218196272850039,"z":-0.35307472944259646,"w":-0.6313779950141907},"size":21.872142791748048,"orthographic":false}