{"cameraMode":{"drawMode":0,"name":"Shaded","section":"Shading Mode"},"sceneLighting":false,"audioPlay":false,"sceneViewState":{"showFog":true,"showMaterialUpdate":false,"showSkybox":false,"showFlares":true,"showImageEffects":true,"showParticleSystems":true},"in2DMode":false,"pivot":{"x":84.66000366210938,"y":6.090000152587891,"z":-6.15000057220459},"rotation":{"x":-0.11465007811784744,"y":-0.0050763655453920368,"z":0.0005486715817824006,"w":-0.9934396743774414},"size":21.694835662841798,"orthographic":true}