{"cameraMode":{"drawMode":0,"name":"Shaded","section":"Shading Mode"},"sceneLighting":true,"audioPlay":false,"sceneViewState":{"showFog":true,"showMaterialUpdate":false,"showSkybox":true,"showFlares":true,"showImageEffects":true,"showParticleSystems":true},"in2DMode":false,"pivot":{"x":94.02435302734375,"y":7.476830005645752,"z":9.003774642944336},"rotation":{"x":-0.0735262781381607,"y":-0.11733192950487137,"z":0.008698049001395703,"w":-0.9904273152351379},"size":14.742424011230469,"orthographic":true}