{"cameraMode":{"drawMode":0,"name":"Shaded","section":"Shading Mode"},"sceneLighting":false,"audioPlay":false,"sceneViewState":{"showFog":true,"showMaterialUpdate":false,"showSkybox":true,"showFlares":true,"showImageEffects":true,"showParticleSystems":true},"in2DMode":false,"pivot":{"x":9.850601196289063,"y":0.9918533563613892,"z":1.472456455230713},"rotation":{"x":0.0606234148144722,"y":0.9076718091964722,"z":-0.1407967358827591,"w":0.3907238245010376},"size":13.769294738769532,"orthographic":true}