{"cameraMode":{"drawMode":0,"name":"Shaded","section":"Shading Mode"},"sceneLighting":false,"audioPlay":false,"sceneViewState":{"showFog":true,"showMaterialUpdate":false,"showSkybox":true,"showFlares":true,"showImageEffects":true,"showParticleSystems":true},"in2DMode":false,"pivot":{"x":-2.7639873027801515,"y":0.26999998092651369,"z":-10.907432556152344},"rotation":{"x":0.20719796419143678,"y":0.7285335063934326,"z":-0.25026148557662966,"w":0.6031095385551453},"size":12.992443084716797,"orthographic":true}