{"cameraMode":{"drawMode":0,"name":"Shaded","section":"Shading Mode"},"sceneLighting":true,"audioPlay":false,"sceneViewState":{"showFog":true,"showMaterialUpdate":false,"showSkybox":true,"showFlares":true,"showImageEffects":true,"showParticleSystems":true},"in2DMode":false,"pivot":{"x":84.19999694824219,"y":5.400000095367432,"z":-5.000000476837158},"rotation":{"x":-0.2123642861843109,"y":0.04274555295705795,"z":-0.009477677755057812,"w":-0.9762628078460693},"size":112.14804077148438,"orthographic":true}