{"cameraMode":{"drawMode":0,"name":"Shaded","section":"Shading Mode"},"sceneLighting":true,"audioPlay":false,"sceneViewState":{"showFog":true,"showMaterialUpdate":false,"showSkybox":true,"showFlares":true,"showImageEffects":true,"showParticleSystems":true},"in2DMode":false,"pivot":{"x":85.02999877929688,"y":1.0495208501815797,"z":1.0},"rotation":{"x":0.07880392670631409,"y":-0.017942020669579507,"z":0.0014240778982639313,"w":0.9967378973960877},"size":47.15901565551758,"orthographic":true}