{"cameraMode":{"drawMode":0,"name":"Shaded","section":"Shading Mode"},"sceneLighting":false,"audioPlay":false,"sceneViewState":{"showFog":true,"showMaterialUpdate":false,"showSkybox":false,"showFlares":true,"showImageEffects":true,"showParticleSystems":true},"in2DMode":false,"pivot":{"x":-21.360000610351564,"y":2.0899996757507326,"z":5.130000114440918},"rotation":{"x":-0.047933340072631839,"y":-0.044936396181583408,"z":0.0021588592790067198,"w":-0.997844398021698},"size":11.951831817626954,"orthographic":false}