{"cameraMode":{"drawMode":0,"name":"Shaded","section":"Shading Mode"},"sceneLighting":true,"audioPlay":false,"sceneViewState":{"showFog":true,"showMaterialUpdate":false,"showSkybox":true,"showFlares":true,"showImageEffects":true,"showParticleSystems":true},"in2DMode":false,"pivot":{"x":4.5,"y":10.44999885559082,"z":11.999994277954102},"rotation":{"x":0.4454819858074188,"y":-0.09369970858097077,"z":0.04704943671822548,"w":0.8893160223960877},"size":306.5671691894531,"orthographic":true}